/docs /
/docs/* /:splat
/registry/operation/ad-profile-pair-issuance/ /registry/operation/ad-profile-pair-installation/
/registry/assets/erd/ /spec/er/ 301
/registry/wordpress-integration/ /registry/integration/wordpress-integration/ 301
/registry/website-integration/ /registry/integration/website-integration/ 301
/registry/document-profile-registry-creation/ /registry/integration/document-profile-registry-creation/ 301
/registry/operation/op-request-deploy/ /registry/request-op/op-request-deploy/ 301
/registry/operation/auth0-deploy/ /registry/request-op/auth0-deploy/ 301
/registry/operation/r2-configuration/ /registry/request-op/r2-configuration/ 301
/registry/operation/auth0-user-management/ /registry/request-op/auth0-user-management/ 301
/registry/operation/auth0-role-assigning/ /registry/request-op/auth0-role-assigning/ 301
/media-study-202307/* /studies/media-study-202307/:splat 301
/ad-study-202311/* /studies/ad-study-202311/:splat 301
/studies/media-study-202307/* /studies/past-studies/media-study-202307/:splat 301
/studies/ad-study-202311/* /studies/past-studies/ad-study-202311/:splat 301
